{"Factor":1,"X":[4.114369858143618e-06,0.704800009727478,2.369999885559082,4.704400062561035,7.723549842834473,9.030850410461426,9.55994987487793,9.622200012207031,9.700050354003906,9.71565055847168,9.71565055847168,9.4510498046875,8.283849716186523,6.307400226593018,3.225950002670288,0.40915000438690186,-1.7851999998092651,-3.0924999713897705,-3.76170015335083,-4.1508002281188965,-4.228600025177002,-4.275300025939941,-4.228600025177002,-4.088550090789795,-3.2170000076293945,-0.9760000109672546,4.114369858143618e-06],"X_i":[2.369999885559082,4.673299789428711,7.785799980163574,10.400400161743164,11.458600044250488,11.583100318908691,11.614299774169922,11.738800048828125,11.738800048828125,11.209600448608398,8.875200271606445,6.260700225830078,3.272599935531616,0.4713999927043915,-1.8319000005722046,-4.446499824523926,-5.784900188446045,-5.691500186920166,-5.691500186920166,-5.784900188446045,-5.691500186920166,-5.411399841308594,-3.668299913406372,-1.2717000246047974],"X_o":[2.369999885559082,4.735499858856201,7.661300182342529,7.785799980163574,7.692500114440918,7.692500114440918,6.354100227355957,3.17930006980896,0.34689998626708984,-1.7384999990463257,-2.610100030899048,-2.765700101852417,-2.765700101852417,-2.765700101852417,-0.6802999973297119],"Y":[1.0946801243250093e-09,0.27160000801086426,0.44669997692108154,0.48169994354248047,0.7443499565124512,1.11204993724823,1.7249000072479248,3.055649995803833,5.209350109100342,9.026450157165527,10.899999618530273,12.773500442504883,13.071200370788574,13.298850059509277,13.298799514770508,13.246299743652344,13.298799514770508,13.281299591064453,12.213199615478516,9.866950035095215,6.785200119018555,3.843549966812134,1.7073999643325806,0.4116499722003937,0.11399996280670166,0.14904999732971191,1.0946801243250093e-09],"Y_i":[-1.041599988937378,-1.1117000579833984,-1.1117000579833984,-0.37630000710487366,0.849399983882904,3.5109000205993652,5.331900119781494,8.973899841308594,10.829999923706055,14.57699966430664,15.17240047454834,15.242400169372559,15.102299690246582,15.102299690246582,15.102299690246582,15.067299842834473,12.931099891662598,9.814399719238281,6.7677001953125,3.75600004196167,1.6548999547958374,-0.9366000294685364,-1.5319000482559204,-1.426800012588501],"Y_o":[1.934999942779541,2.0750999450683594,2.600399971008301,5.0868000984191895,9.079000473022461,10.970000267028809,11.355299949645996,11.49530029296875,11.390299797058105,11.49530029296875,9.919500350952148,6.802700042724609,3.9310998916625977,1.7598999738693237,1.7249000072479248]}